{"Same Length Method": {"mean": 2.1819635456093294, "max": 4.219377228651309, "total": 3953.7674569946225}}