{"Same Length Method": {"mean": 2.1819635456093294, "max": 4.219377228651309, "total": 3953.7674569946225}, "Vertex Form Coefficients Method": {"mean": 18.154196171221592, "max": 39.29401024361631, "total": 33527.403402983175}}