{"Same Length Method": {"mean": [1.1677342418559231, 0.03650205283551376], "max": [2.6221458879500297, 0.06480369784787143], "total": [2230.372401944813, 142.35800605850366], "time": [0.0, 0.0]}, "Vertex Form Coefficients Method": {"mean": [8.344715271194726, 0.43225317279454933], "max": [13.471359425880344, 0.6599462440222297], "total": [15938.406167981928, 1685.7873738987423], "time": [0.0, 0.0]}, "Optimal Catenary Method": {"mean": [0.7908522491576587, 0.036571760722191045], "max": [1.2288389947904719, 0.06405451273590046], "total": [1510.527795891128, 142.62986681654507], "time": [0.3465538024902344, 1.140848159790039]}}